-- --------------------------------------------------------
-- Host:                         127.0.0.1
-- Server version:               10.4.32-MariaDB - mariadb.org binary distribution
-- Server OS:                    Win64
-- HeidiSQL Version:             12.6.0.6765
-- --------------------------------------------------------

/*!40101 SET @OLD_CHARACTER_SET_CLIENT=@@CHARACTER_SET_CLIENT */;
/*!40101 SET NAMES utf8 */;
/*!50503 SET NAMES utf8mb4 */;
/*!40103 SET @OLD_TIME_ZONE=@@TIME_ZONE */;
/*!40103 SET TIME_ZONE='+00:00' */;
/*!40014 SET @OLD_FOREIGN_KEY_CHECKS=@@FOREIGN_KEY_CHECKS, FOREIGN_KEY_CHECKS=0 */;
/*!40101 SET @OLD_SQL_MODE=@@SQL_MODE, SQL_MODE='NO_AUTO_VALUE_ON_ZERO' */;
/*!40111 SET @OLD_SQL_NOTES=@@SQL_NOTES, SQL_NOTES=0 */;


-- Dumping database structure for pitimoss
CREATE DATABASE IF NOT EXISTS `pitimoss` /*!40100 DEFAULT CHARACTER SET utf8mb4 COLLATE utf8mb4_general_ci */;
USE `pitimoss`;

-- Dumping structure for table pitimoss.admin
CREATE TABLE IF NOT EXISTS `admin` (
  `ID_Admin` varchar(10) NOT NULL,
  `Nama_Admin` varchar(50) NOT NULL,
  `Email` varchar(50) NOT NULL,
  `Nomor_Telepon` varchar(20) NOT NULL,
  `Admin_Password` varchar(50) NOT NULL,
  `Poto_Admin` varchar(50) NOT NULL,
  PRIMARY KEY (`ID_Admin`)
) ENGINE=InnoDB DEFAULT CHARSET=utf8mb4 COLLATE=utf8mb4_general_ci;

-- Dumping data for table pitimoss.admin: ~2 rows (approximately)
INSERT INTO `admin` (`ID_Admin`, `Nama_Admin`, `Email`, `Nomor_Telepon`, `Admin_Password`, `Poto_Admin`) VALUES
	('A01', 'ali alkahfi', 'ali.alkahfi@gmail.com', '08124427819', 'secure123', 'orang.jpg'),
	('A02', 'nadia omara', 'nadia.omara@gmail.com', '085231038285', 'adminpass456', 'orang.jpg');

-- Dumping structure for table pitimoss.buku
CREATE TABLE IF NOT EXISTS `buku` (
  `ID_Buku` varchar(10) NOT NULL,
  `Judul_Buku` varchar(50) NOT NULL,
  `Pengarang` varchar(50) NOT NULL,
  `Penerbit` varchar(50) NOT NULL,
  `Kategori_Buku` varchar(50) NOT NULL,
  `Jenis_Buku` varchar(50) NOT NULL DEFAULT '',
  `Tahun_Terbit` varchar(10) NOT NULL,
  `Sampul_Buku` varchar(50) NOT NULL,
  `Harga_Buku` double NOT NULL,
  `Status` varchar(20) NOT NULL,
  `Deskripsi` text NOT NULL,
  PRIMARY KEY (`ID_Buku`)
) ENGINE=InnoDB DEFAULT CHARSET=utf8mb4 COLLATE=utf8mb4_general_ci;

-- Dumping data for table pitimoss.buku: ~102 rows (approximately)
INSERT INTO `buku` (`ID_Buku`, `Judul_Buku`, `Pengarang`, `Penerbit`, `Kategori_Buku`, `Jenis_Buku`, `Tahun_Terbit`, `Sampul_Buku`, `Harga_Buku`, `Status`, `Deskripsi`) VALUES
	('B01', 'Putri Kedua ', 'Chan Hon Kei', 'Gramedia Pustaka Utama', 'Thriller', 'Sejarah', '2021', 'Putri Kedua.jpg', 5000, 'Tersedia', 'Second Sister (Putri Kedua) mengisahkan tentang Nga-Yee yang melihat Siu-Man, adik kandungnya, tewas dengan melompat dari jendela apartemen mereka di lantai dua puluh. Nga-Yee, yang menolak percaya bahwa adiknya itu bunuh diri, memutuskan untuk menyelidiki kasus kematian adiknya dan menarik kesimpulan bahwa keputusan adiknya untuk bunuh diri bukan kemauan dari Siu-Man melainkan tekanan dari bullying yang dialami Siu-Man selama ini. Nga-Yee meminta bantuan seorang peretas, yang hanya dikenal sebagai N, untuk menyelidiki kasus kematian adiknya. Benarkah penyebab Siu-Man bunuh diri karena bullying yang dia terima?'),
	('B02', 'Haji Murad', 'Leo Tolstoy', 'Mizan', 'Fiction', 'Novel', '2023', 'Haji Murad.jpg', 5000, 'Tersedia', 'Manusia telah menaklukkan segalanya ,tetapi yang satu ini tetap tidak mau tunduk.Haji Murad, pejuang Muslim dari Pegunungan Kaukasus yang karismatik dan disegani Kekaisaran Rusia, terperangkap di antara dua despot yang tengah berperang: Kaisar Nicholas I dan Imam Syamil. Namun, kemudian dia bergabung dengan Rusia, berharap dapat menghancurkan Syamil yang memburu Haji Murad dan menyandera keluarganya.'),
	('B03', 'Metamorfosis', 'Franz Kafka', 'Kaka Tua', 'Fiction', 'Novel', '2021', 'Metamorfosis.jpg', 5000, 'Tersedia', 'Gregor merupakan seorang penjual keliling yang menjajakan sampel kain tekstil. Dia mempunyai kehidupan yang serba sulit setelah mendapati dirinya berubah menjadi seekor kecoak besar yang mengerikan. Dia harus terpaksa berhenti bekerja untuk keluarganya setelah melihat kondisi tubuhnya yang tidak memungkinkan. Banyak sekali tuduhan hingga ancaman palsu yang dilayangkan kepadanya setelah bermetamorfosis.\r\n'),
	('B04', 'Dune', 'Frank Herbert', 'Kepustakaan Populer Gramedia', 'Fiction', 'Sejarah', '2023', 'Dune.jpg', 5000, 'Tersedia', 'Paul ditunjuk oleh Imperium sebagai penguasa di planet gurun tersebut yang juga dikenal dengan nama Dune itu. Meski bukan merupakan tempat yang nyaman untuk tinggal, Arrakis punya rempah berharga yang diperebutkan di seluruh jagat raya. Maka ketika Klan Atreides dikhianati, kehancuran keluarganya membuat Paul harus menempuh perjalanan menjemput takdir menuju padang pasir.'),
	('B05', 'Laskar Pelangi', 'Andrea Hirata', 'Benteng Pustaka', 'Fiction', 'Sejarah', '2005', 'laskar pelangi.jpg', 5000, 'Tersedia', 'Laskar Pelangi adalah novel yang pertama kali diterbitkan oleh penulis kenamaan, Andrea Hirata. Tepatnya, novel ini berhasil dirilis pada tahun 2015 oleh Penerbit Bentang Pustaka. Dalam peradabannya, Andrea Hirata pun mengeluarkan tiga novel sekuel lanjutan dari Laskar Pelangi, di antaranya Sang Pemimpi, Edensor, dan Maryamah Karpov.'),
	('B07', 'Bumi Manusia', 'Pramoedya Ananta Toer', 'Hasta Mitra', 'Fiction', 'Sejarah', '1980', 'bumi manusia.jpg', 5000, 'Tersedia', 'Roman Tetralogi Buru mengambil latar belakang dan cikal bakal nation Indonesia di awal abad ke-20. Dengan membacanya waktu kita dibalikkan sedemikian rupa dan hidup di era membibitnya pergerakan nasional mula-mula, juga pertautan rasa, kegamangan jiwa, percintaan, dan pertarungan kekuatan anonim para srikandi yang mengawal penyemaian bangunan nasional yang kemudian kelak melahirkan Indonesia modern.\r\n\r\nRoman bagian pertama; Bumi Manusia, sebagai periode penyemaian dan kegelisahan dimana Minke sebagai aktor sekaligus kreator adalah manusia berdarah priyayi yang semampu mungkin keluar dari kepompong kejawaannya menuju manusia yang bebas dan merdeka, di sudut lain membelah jiwa ke-Eropa-an yang menjadi simbol dan kiblat dari ketinggian pengetahuan dan peradaban.'),
	('B08', 'Ronggeng Dukuh Paruk', 'Ahmad Tohari', 'Gramedia Pustaka Utama', 'Sastra', 'Sejarah', '1982', 'ronggeng dukuh.jpg', 5000, 'Tersedia', 'Ronggeng Dukuh Paruk adalah sebuah judul novel dari trilogi novel karya Ahmad Tohari yang merupakan novel pertama dari trilogi tersebut. Dua judul lainnya adalah Lintang Kemukus Dini Hari dan Jantera Bianglala. Novel ini–Ronggeng Dukuh Paruk, membuka ceritanya dengan mendeskripsikan suatu keadaan sebuah perkampungan di daerah Jawa. Memuat cerita kehidupan dan adat kebiasaan masyarakat di Dukuh Paruk, dukuh ini terletak pada sebuah wilayah di Jawa dengan kondisi memprihatinkan: terbelakang dan melarat, serta memiliki penduduk yang memelihara kebodohan dan rasa malas. Namun, pedukuhan ini memiliki suatu kebiasaan yang menjadi ciri khasnya, yaitu ronggeng.'),
	('B10', 'Laut Bercerita', 'Leila S. Chudori', 'Kepustakaan Populer Gramedia', 'Sastra', 'Sejarah', '2012', 'Laut_Bercerita.jpg', 5000, 'Tersedia', 'Buku ini terdiri atas dua bagian. Bagian pertama mengambil sudut pandang seorang mahasiswa aktivis bernama Laut, menceritakan bagaimana Laut dan kawan-kawannya menyusun rencana, berpindah-pindah dalam pelarian, hingga tertangkap oleh pasukan rahasia. Sedangkan bagian kedua dikisahkan oleh Asmara, adik Laut. Bagian kedua mewakili perasaan keluarga korban penghilangan paksa, bagaimana pencarian mereka terhadap kerabat mereka yang tak pernah kembali.\r\nBuku ini ditulis sebagai bentuk tribute bagi para aktivis yang diculik, yang kembali, dan yang tak kembali dan keluarga yang terus menerus sampai sekarang mencari-cari jawaban.\r\n\r\n'),
	('B11', 'Moby Dick\n', 'Herman Melville\n', 'Gramedia Pustaka Utama\n', 'Classical', 'Novel', '2023', 'Moby dick.jpg', 5000, 'Tersedia', 'Moby-Dick adalah judul novel karya penulis Amerika Serikat Herman Melville yang diambil dari julukan seekor paus yang diceritakan di dalamnya. Novel ini amat terkenal dan dapat dianggap sebagai salah satu novel klasik dunia.\r\nKarya ini bercerita tentang petualangan sang tokoh (bernama Ismail) dalam mengikuti pelayaran kapal pemburu paus yang dipimpin oleh seorang kapten obsesif bernama Kapten Ahab. Sang kapten hanya memiliki satu kaki akibat kecelakaan di kala memburu seekor paus yang dijulukinya Moby-Dick. Ia sangat bernafsu melampiaskan dendamnya kepada sang hewan hingga tidak peduli akan keselamatan diri maupun anak buahnya. Cerita berakhir dengan tragedi.'),
	('B12', 'Anna Karenina\n', 'Leo Tolstoy\n', 'KPG', 'Classical', 'Novel', '2013', 'Anna Karenina.jpg', 5000, 'Tersedia', 'Anna Karenina merupakan novel kedua adikarya Tolstoi yang diterbitkan oleh KPG. Novel pertama yang diterbitkan adalah Kebangkitan. Karya Tolstoi yang paling luas dibaca orang dan diterjemahkan ke dalam berbagai bahasa asing adalah novelnya yang kedua, Anna Karenina, khusus menyoroti kehidupan pribadi kaum bangsawan dan golongan high society Rusia pada zamannya.'),
	('B13', 'The Girl who Fell Beneath the Sea\n', 'Axie Oh', 'Elex Media Komputindo', 'Fantasy', 'Novel', '2023', 'girlsea.jpg', 5000, 'Tersedia', 'Badai mematikan telah merusak tanah kelahiran Mina selama beberapa generasi. Banjir menyapu seluruh desa, sementara perang berdarah dikobarkan untuk memperebutkan sumber daya yang tersisa. Masyarakat di desa Mina memercayai bahwa Dewa Laut mengutuk mereka dengan kematian dan keputusasaan. Dalam upaya untuk menenangkan Dewa Laut, setiap tahun seorang gadis cantik dibuang ke laut untuk menjadi pengantin Dewa Laut, dengan harapan suatu hari "pengantin sejati" akan dipilih dan mengakhiri penderitaan mereka. Shim Cheong adalah gadis tercantik di desa, sekaligus kekasih Joon. Banyak yang percaya dialah pengantin sejati Dewa Laut Tapi pada malam Cheong hendak dikorbankan, Joon mengikuti Cheong, meski tahu bahwa ikut campur akan dihadiahi hukuman mati. Untuk menyelamatkan kakaknya, Mina terjun ke air menggantikan Cheong. Kecantikan Mina memang tidak sebanding dengan para pengantin terdahulu. Tapi dia sudah tersapu ke Alam Roh. Kini Mina tak punya banyak waktu untuk menemukan Dewa Laut sebelum dirinya sendiri berubah menjadi arwah. Berbekal kemampuan mendongeng dan bantuan para arwah, Mina harus berhasil menemukan Dewa Laut.'),
	('B14', 'Pride and Prejudice\n', 'Jane Austen\n', 'Gramedia Pustaka Utama\n', 'Classical', 'Novel', '2021', 'Pride and Prejudice.jpg', 5000, 'Tersedia', 'Dalam Pride and Prejudice, Jane Austen menuangkan detail yang memikat mengenai kaum menengah ke atas pada abad-19. Karakter-karakternya yang memukau, juga narasinya yang cerdas, menjadikan novel ini sebagai salah satu roman terpopuler sepanjang masa.'),
	('B15', 'The Picture of Dorian Gray\n\n', 'Oscar Wilde\n', 'Mizan\n', 'Classical', 'Novel', '2020', 'The Picture of.jpg', 5000, 'Tersedia', 'Seorang pelukis bernama Basil Hallward sedang berdiskusi dengan temannya, Henry, mengenai lukisan barunya yang bernama Dorian Gray. Mereka mendiskusikan kesempurnaan lukisan dan bagaimana Dorian dengan mudah menjadi orang paling menawan di dunia. Henry penasaran ingin bertemu dengan seorang Dorian, tetapi tuan Hallward takut dengan apa yang akan dilakukan Henry pada Dorian. Sebenarnya, apa yang akan dilakukan Tuan Henry kepada Dorian? Apakah rasa ketakutan Tuan Hallward akan terjawab pada kisah ini? Teka-teki pun mungkin saja mulai terungkap dari semakin lama mereka berdua memandangi “Lukisan Dorian Gray”.'),
	('B16', 'War and Peace', 'Leo Tolstoy', 'Penguin', 'Classical', 'Sejarah', '2020', 'War_and_Peace.jpg', 7200, 'Tersedia', 'At a glittering society party in St Petersburg in 1805, conversations are dominated by the prospect of war. Terror swiftly engulfs the country as Napoleon\'s army marches on Russia, and the lives of three young people are changed forever. The stories of quixotic Pierre, cynical Andrey and impetuous Natasha interweave with a huge cast, from aristocrats and peasants to soldiers and Napoleon himself. In War and Peace, Tolstoy entwines grand themes - conflict and love, birth and death, free will and faith - with unforgettable scenes of nineteenth-century Russia, to create a magnificent epic of human life in all its imperfection and grandeur.'),
	('B17', 'Crime and Punishment', 'Fyodor Dostoevsky', ' Start Publishing LLC', 'Classical', 'Sejarah', '2019', 'Crime_and_Punishment.jpg', 5000, 'Tersedia', 'Dostoesky\'s drama of sin, guilt and redemption transmutes the sordid story of an old woman\'s murder by a desperate student into the nineteenth century\'s profoundest and most compelling philosophical novel. Grim in theme and setting, the book nevertheless seduces by its combination of superbly drawn characters, narrative brilliance and manic comedy.\n'),
	('B18', 'Great Expectations', 'Charles Dickens', 'Start Classics', 'Classical', 'Sejarah', '2018', 'Great_Expectations.jpg', 4800, 'Tersedia', 'Pip\'s life as an ordinary country boy is destined to be unexceptional until a chain of mysterious events lead him away from his humble origins and up the social ladder. His efforts to become a London gentleman bring him into contact not just with the upper classes but also with dangerous criminals. Pip\'s desire to improve himself is matched only by his longing for the icy-hearted Estella, but secrets from the past impede his progress and he has many hard lessons to learn.\n'),
	('B19', 'To Kill a Mockingbird', 'Harper Lee', 'Penguin', 'Fiction', 'Sejarah', '2022', 'To_Kill_a_Mockingbird.jpg', 4900, 'Tersedia', 'Atticus Finch gives this advice to his children as he defends the real mockingbird of this classic novel - a black man charged with attacking a white girl. Through the eyes of Scout and Jem Finch, Lee explores the issues of race and class in the Deep South of the 1930s with compassion and humour. She also creates one of the great heroes of literature in their father, whose lone struggle for justice pricks the conscience of a town steeped in prejudice and hypocrisy.\n'),
	('B20', 'The Great Gatsby', 'F. Scott Fitzgerald', 'Penguin', 'Fiction', 'Sejarah', '2021', 'The_Great_Gatsby.jpg', 5300, 'Tersedia', 'The story of the fabulously wealthy Jay Gatsby and his love for the beautiful Daisy Buchanan, of lavish parties on Long Island at a time when The New York Times noted "gin was the national drink and sex the national obsession," it is an exquisitely crafted tale of America in the 1920s.\nYoung, handsome and fabulously rich, Jay Gatsby is the bright star of the Jazz Age, but as writer Nick Carraway is drawn into the decadent orbit of his Long Island mansion, where the party never seems to end, he finds himself faced by the mystery of Gatsby\'s origins and desires.'),
	('B21', 'Wuthering Heights', 'Emily Bronte', 'Penguin', 'Fiction', 'Sejarah', '2020', 'Wuthering_Heights.jpg', 4700, 'Tersedia', 'Wuthering Heights is the tale of two families both joined and riven by love and hate. Cathy is a beautiful and wilful young woman torn between her soft-hearted husband and Heathcliff, the passionate and resentful man who has loved her since childhood. The power of their bond creates a maelstrom of cruelty and violence which will leave one of them dead and cast a shadow over the lives of their children.\n'),
	('B22', 'Jane Eyre', 'Charlotte Bronte', 'Penguin', 'Fiction', 'Sejarah', '2019', 'Jane_Eyre.jpg', 5100, 'Tersedia', 'Kisah tentang perjuangan seorang wanita untuk kemandirian dan cinta.This is the story of Jane, an orphan in Victorian England, she is relentlessly bullied and deprived by her aunt and the charity school she is banished to. Yet Jane emerges from a tragic childhood a curious young woman with an indomitable spirit. When she finds work as a governess at Thornfield Hall it seems Jane has finally met her match in the unconventional Mr Rochester.\n\nBut as her feelings for Mr Rochester grow, so do her suspicions that something darker lurks within the walls of this vast mansion... Jane Eyre is the unforgettable Gothic tale of a woman\'s search for happiness.'),
	('B23', 'Frankenstein', 'Mary Shelley', 'Penguin', 'Fiction', 'Sejarah', '2018', 'Frankenstein.jpg', 4500, 'Tersedia', 'Victor Frankenstein has made a terrible mistake. In his desperate pursuit to create life, he has created a monster. A monster which, abandoned by his master and shunned by everyone it meets, follows Dr Frankenstein to the very ends of the earth with horror and murder in its recycled heart.\n\nMary Shelley takes the reader on a journey through St Petersburg, to the beautiful Swiss Alps, to the desolate waste of the Arctic Circle, in a story that has sent a chill down the spines of generations.'),
	('B24', 'The Catcher in the Rye', 'J.D. Salinger', 'Penguin', 'Fiction', 'Sejarah', '2022', 'The_Catcher_in_the_Rye.jpg', 4900, 'Tersedia', '\'If you really want to hear about it, the first thing you\'ll probably want to know is where I was born and what my lousy childhood was like, and how my parents were occupied and all before they had me, and all that David Copperfield kind of crap, but I don\'t feel like going into it, if you want to know the truth.\'\n'),
	('B25', 'Brave New World', 'Aldous Huxley', 'Penguin', 'Fiction', 'Sejarah', '2021', 'Brave_New_World.jpg', 5200, 'Tersedia', 'Visi dystopian masa depan di mana kebebasan pribadi hilang.Far in the future, the World Controllers have created the ideal society. Through clever use of genetic engineering, brainwashing and recreational sex and drugs all its members are happy consumers. Bernard Marx seems alone harbouring an ill-defined longing to break free. A visit to one of the few remaining Savage Reservations where the old, imperfect life still continues, may be the cure for his distress...\n'),
	('B26', 'The Odyssey', 'Homer', 'Penguin', 'Fiction', 'Sejarah', '2020', 'The_Odyssey.jpg', 5300, 'Tersedia', 'Homer\'s Odyssey is one of the supreme masterpieces of Western literature. Of this much acclaimed translation by Robert Fitzgerald, George Steiner has written, \'Fitzgerald is taking his place beside Chapman and Pope in the unbroken lineage of English Homeric translations...it has an economy and soar of a poet\'.\n'),
	('B27', 'Ulysses', 'James Joyce', 'Penguin', 'Fiction', 'Sejarah', '2019', 'Ulysses.jpg', 6500, 'Tersedia', 'The young poet Stephen has been recalled from Paris to Dublin to be at his mother’s deathbed. But he refuses her dying wishes: to kneel and pray for her. Now, holed up in his Martello tower outside the city walls, he has to suffer the taunts of Buck Mulligan by day and, by night, the vision of ‘her eyes, shaking out of death to shake and bend my soul.’ Timelessly evocative, Ulysses is far more than the story of Stephen Dedalus’ journey through Dublin. It is a huge, rich portrayal of human life. In this magnificent, highly accessible, part reading part dramatisation - which includes the famous Molly Bloom soliloquy - the power and truth of Joyce’s vision is as potent as ever. Ulysses stars Stephen Rea and Sinead Cusack, with an introduction by Seamus Heaney. ‘The best book at bedtime’ - Sunday Telegraph.\n'),
	('B28', 'Les Miserables', 'Victor Hugo', 'Penguin', 'Fiction', 'Sejarah', '2018', 'Les_Miserables.jpg', 7000, 'Tersedia', 'Epik tentang keadilan, cinta, dan pengorbanan di Prancis.'),
	('B29', 'The Brothers Karamazov', 'Fyodor Dostoevsky', 'Penguin', 'Fiction', 'Sejarah', '2022', 'The_Brothers_Karamazov.jpg', 6000, 'Tersedia', 'The murder of brutal landowner Fyodor Karamazov changes the lives of his sons irrevocably: Mitya, the sensualist, whose bitter rivalry with his father immediately places him under suspicion for parricide; Ivan, the intellectual, driven to breakdown; the spiritual Alyosha, who tries to heal the family\'s rifts; and the shadowy figure of their bastard half-brother, Smerdyakov. Dostoyevsky\'s dark masterwork evokes a world where the lines between innocence and corruption, good and evil, blur, and everyone\'s faith in humanity is tested.\n'),
	('B31', 'Madame Bovary', 'Gustave Flaubert', 'Penguin', 'Fiction', 'Sejarah', '2020', 'Madame_Bovary.jpg', 5000, 'Tersedia', 'Described by Henry James as \'one of the first of the classics\' and so regarded ever since, MADAME BOVARY has touched generations of readers and moulded generations of writers. The story of a little woman in a provincial town who dreams of happiness and then perishes by her own hand is worked up by Flaubant into a profound and heart rending study of human bondage.\n'),
	('B32', 'The Count of Monte Cristo', 'Alexandre Dumas', 'Penguin', 'Fiction', 'Sejarah', '2019', 'The_Count_of_Monte_Cristo.jpg', 7100, 'Tersedia', 'A beautiful new clothbound edition of Alexandre Dumas\' classic novel of wrongful imprisonment, adventure and revenge. Thrown in prison for a crime he has not committed, Edmond Dantes is confined to the grim fortress of the Château d\'If. There he learns of a great hoard of treasure hidden on the Isle of Monte Cristo and becomes determined not only to escape but to unearth the treasure and use it to plot the destruction of the three men responsible for his incarceration. A huge popular success when it was first serialized in the 1840s, Dumas was inspired by a real-life case of wrongful imprisonment when writing his epic tale of suffering and retribution.\n'),
	('B33', 'Don Quixote', 'Miguel de Cervantes', 'Penguin', 'Fiction', 'Sejarah', '2018', 'Don_Quixote.jpg', 7500, 'Tersedia', 'The first great novel - and perhaps still the most influential - Don Quixote contains within it all the seeds of modern fiction. A fantastic compound of reality and illusion in which the besotted Don Quixote and his down-to-earth companion, the faithful Sancho Panza, set out to right the world\'s wrongs in knightly combat, the narrative moves from philosophical speculation to broad comedy, taking in pastoral, farce and fantasy on the way. Between the Don\'s dreams of chivalry which inaugurate the novel, and his death which concludes it, Cervantes explores a range of experience and feeling worthy of his great contemporary, Shakespeare.\n'),
	('B34', 'A Tale of Two Cities', 'Charles Dickens', 'Penguin', 'Fiction', 'Sejarah', '2022', 'A_Tale_of_Two_Cities.jpg', 6300, 'Tersedia', 'After eighteen years as a political prisoner in the Bastille the aging Dr Manette is finally released and reunited with his daughter in England. There two very different men, Charles Darnay, an exiled French aristocrat, and Sydney Carton, a disreputable but brilliant English lawyer, become enmeshed through their love for Lucie Manette. From the tranquil lanes of London, they are all drawn against their will to the vengeful, bloodstained streets of Paris at the height of the Reign of Terror and soon fall under the lethal shadow of La Guillotine.\n'),
	('B35', 'Dracula', 'Bram Stoker', 'Penguin', 'Fiction', 'Sejarah', '2021', 'Dracula.jpg', 6200, 'Tersedia', 'Jonathan Harker is travelling to Castle Dracula to see the Transylvanian noble, Count Dracula. He is begged by locals not to go there, because on the eve of St George\'s Day, when the clock strikes midnight, all the evil things in the world will come full sway. But business must be done, so Jonathan makes his way to the Castle - and then his nightmare begins. His beloved wife Meena and other lost souls have fallen under the Count\'s horrifying spell. Dracula must be destroyed...\n'),
	('B36', 'The Hobbit', 'J.R.R. Tolkien', 'Gramedia Pustaka Utama', 'Fiction', 'Novel', '2020', 'the_hobbit.png', 5500, 'Tersedia', 'Petualangan Bilbo Baggins di Dunia Tengah.'),
	('B37', 'Yellowface', 'R.F. Kuang', 'Penguin', 'Fiction', 'Novel', '2023', 'yellowface.jpg', 5100, 'Tersedia', 'June Hayward dan Athena Liu sama-sama penulis. Athena, keturunan Asia, ternyata lebih ngetop. Sementara June berpendapat tak ada yang akan tertarik pada karyanya, gadis kulit putih biasa. Ketika Athena mendadak meninggal, June mencuri manuskrip Athena lalu menyerahkannya sebagai karyanya.\n\nPenerbit membuatkan citra baru bagi June, lengkap dengan foto yang ambigu mengenai etnik dirinya. Di luar dugaan, buku itu sukses besar. Namun, June tidak bisa lolos dari bayangan Athena, dan bukti-bukti bermunculan, mengancam kesuksesan June. Saat berpacu untuk menutupi rahasianya, June jadi tahu seberapa jauh ia berani bertindak untuk mempertahankan apa yang menurutnya layak ia dapatkan.'),
	('B38', 'Fahrenheit 451', 'Ray Bradbury', 'Penguin', 'Fiction', 'Novel', '2018', 'fahrenheit_451.png', 4700, 'Tersedia', 'Fahrenheit 451 is a 1953 dystopian novel by American writer Ray Bradbury. It presents a future American society where books have been outlawed and "firemen" burn any that are found. The novel follows in the viewpoint of Guy Montag, a fireman who soon becomes disillusioned with his role of censoring literature and destroying knowledge, eventually quitting his job and committing himself to the preservation of literary and cultural writings.\n'),
	('B39', 'The Alchemist', 'Paulo Coelho', 'Penguin', 'Fiction', 'Novel', '2022', 'the_alchemist.png', 4600, 'Tersedia', 'Perjalanan seorang anak gembala mencari harta karun.'),
	('B40', 'Catch-22', 'Joseph Heller', 'Penguin', 'Fiction', 'Novel', '2021', 'Catch-22.jpg', 6000, 'Tersedia', 'A burlesque epic in the tradition of THE GOOD SOLDIER SCHWEIK, CATCH-22 exposes the absurdity of war by applying its own demented logic to America\'s involvement in Korea. The \'catch\' is that soldiers have to claim to be mad in order to get out of fighting - but being capable of making such a claim automatically proves them sane. With a cast of magnificently larger-than-life characters who are rushed along at a breathless pace, for once this really is a novel it\'s hard to put down. CATCH-22 was made into a film.\n'),
	('B41', 'The Old Man and the Sea', 'Ernest Hemingway', 'Penguin', 'Fiction', 'Novel', '2020', 'the_old_man_and_the_sea.jpg', 4500, 'Tersedia', 'Set in the Gulf Stream off the coast of Havana, Hemingway\'s magnificent fable is the tale of an old man, a young boy and a giant fish. This story of heroic endeavour won Hemingway the Nobel Prize for Literature. It stands as a unique and timeless vision of the beauty and grief of man\'s challenge to the elements.\n'),
	('B42', 'Lord of the Flies', 'William Golding', 'Bentang Pustaka', 'Fiction', 'Novel', '2022', 'Lord of The Flies.jpg', 4900, 'Tersedia', 'Menjelang akhir Perang Dunia, sebuah pesawat berisi rombongan anak sekolah jatuh di sebuah pulau tak berpenghuni. Pada awalnya, tidak ada pengawasan orang dewasa, sehingga membuat anak-anak bersuka hati menikmati kebebasan. Tidak ada lagi aturan yang harus mereka patuhi dan mereka bebas menuruti keinginan hati. Anak-anak itu kemudian berusaha membentuk masyarakat, tetapi gagal saat berhadapan dengan teror, dosa, dan kejahatan. Ketika tatanan masyarakat yang terbentuk mulai runtuh, diikuti oleh teror yang terus mengintai, dan harapan yang mereka bangun selama petualangan ini pun turut lebur, termasuk harapan akan penyelamatan dan pulang kembali ke rumah.'),
	('B43', 'Sense and Sensibility', 'Jane Austen', 'Penguin', 'Fiction', 'Novel', '2021', 'sense and sensibility.jpg', 5100, 'Tersedia', 'Jane Austen\'s subtle and witty novel of secrets and suppression, lies and seduction, brilliantly portrays a world where rigid social convention clashes with the impulses of the heart. It tells the story of two very different sisters who find themselves thrown into an unkind world when their father dies. Marianne, wild and impulsive, falls dangerously in love, while Elinor suffers her own private heartbreak but conceals her true feelings, even from those closest to her.\n'),
	('B44', 'Emma', 'Jane Austen', 'Penguin', 'Fiction', 'Novel', '2020', 'emma.jpg', 5300, 'Tersedia', 'While she is perfectly content with her life and has no interest in love or marriage for herself, she enjoys nothing more than matchmaking those around her. Mr Knightly tries to talk Emma Woodhouse out of this but when she pushes on anyway, her life, and the lives of the friends around her, are irreversibly changed...\n'),
	('B45', 'Mansfield Park', 'Jane Austen', 'Penguin', 'Fiction', 'Novel', '2019', 'Mansfield Park.jpg', 5500, 'Tersedia', 'Fanny Price\'s rich relatives offer her a home at Mansfield Park so that she can be properly brought up. However, Fanny\'s childhood is a lonely one as she is never allowed to forget her place. Her only ally is her cousin Edmund. But when the glamorous and exciting Henry and Mary Crawford arrive in the area, Edmund starts to grow close to Mary and Fanny finds herself dealing with feelings she has never experienced before.\n]Fanny Price\'s rich relatives offer her a home at Mansfield Park so that she can be properly brought up. However, Fanny\'s childhood is a lonely one as she is never allowed to forget her place. Her only ally is her cousin Edmund. But when the glamorous and exciting Henry and Mary Crawford arrive in the area, Edmund starts to grow close to Mary and Fanny finds herself dealing with feelings she has never experienced before.\n'),
	('B46', '1984', 'George Orwell', 'Penguin', 'Fiction', 'Novel', '2021', '1984.jpg', 4500, 'Tersedia', 'The year is 1984. War and revolution have left the world unrecognisable. Great Britain, now known as Airstrip One, is ruled by the Party, led by Big Brother. Mass surveillance is everything and The Thought Police ensure no individual thinking is allowed.\n\nWinston Smith works at The Ministry of Truth, carefully rewriting history. But Winston dreams of freedom, and of rebellion. It is here that he falls in love with Julia, and starts a secret, forbidden affair with her - but in this world nothing can be kept secret, and they are forced to face consequences more terrifying than either of them could have ever imagined.\n\nA dystopian masterpiece, this is the powerful and prophetic novel that defined the twentieth century.'),
	('B52', 'The Lion, the Witch and the Wardrobe', 'C.S. Lewis', 'Gramedia Pustaka Utama', 'Fantasy', 'Novel', '1950', 'narnia2.jpg', 6800, 'Tidak Tersedia', 'Buku Sang Singa, sang Penyihir, dan Lemari merupakan cerita dengan latar Perang Dunia II. Peter, Edmund, Susan, dan Lucy dievakuasi ke rumah besar yang di dalamnya memiliki banyak ruangan. Keempat anak itu tertantang untuk menjelajahi seluruh ruangan dalam rumah tersebut. Saat menjelajahi rumah tersebut, mereka menemukan sebuah ruangan yang berisi lemari besar. Peter, Edmund, dan Susan memutuskan untuk keluar ruangan namun tidak dengan Lucy. Rasa penasaran Lucy membuat dirinya membuka lemari tersebut dan masuk ke dalamnya yang membuat Lucy masuk ke Narnia. Esoknya, keempat anak itu masuk ke dalam lemari di ruangan kosong tersebut dan akhirnya mereka masuk ke Narnia. Keadaan Narnia berbeda dari sebelumnya. Kedatangan mereka ternyata sudah diramalkan sebelumnya dalam sebuah syair kuno Narnia. Akhirnya, mereka dan Aslan, Sang Singa, penguasa tertinggi Narnia, bersatu untuk berperang melawan kutukan jahat penyihir putih.'),
	('B53', 'Prince Caspian', 'C.S. Lewis', 'Gramedia Pustaka Utama', 'Fantasy', 'Novel', '1951', 'narnia4.jpg', 7000, 'Tidak Tersedia', 'Prince Caspian (diterbitkan dengan judul Prince Caspian: The Return to Narnia) adalah novel fantasi untuk anak-anak oleh C. S. Lewis, diterbitkan oleh Geoffrey Bles pada tahun 1951. Novel ini merupakan novel kedua yang diterbitkan dari tujuh novel dalam The Chronicles of Narnia (1950–1956), dan Lewis telah selesai menulisnya pada tahun 1949, sebelum buku pertama diterbitkan.'),
	('B54', 'The Voyage of the Dawn Treader', 'C.S. Lewis', 'Gramedia Pustaka Utama', 'Fantasy', 'Novel', '1952', 'narnia5.jpg', 7200, 'Tersedia', 'Edmund dan Lucy Pevensie (bersama sepupu mereka Eustace Scrubb) dibawa keluar dari dunia ini ke negeri ajaib Narnia. Mereka dipersatukan kembali dengan teman Pevensie, Raja Caspian X dari Narnia, di atas kapal Caspian, Dawn Treader. Caspian telah bersumpah untuk berlayar ke timur melintasi Great Eastern Ocean selama satu tahun dan satu hari untuk menemukan tujuh Lord Narnia yang hilang.'),
	('B55', 'The Silver Chair', 'C.S. Lewis', 'Gramedia Pustaka Utama', 'Fantasy', 'Novel', '1953', 'narnia6.jpg', 7400, 'Tersedia', 'Novel ini berlatar di dunia Narnia, beberapa dekade setelah The Voyage of the Dawn Treader lalu kemudian mengambil latar di Inggris. Aslan si singa mengirim dua anak dari Inggris ke Narnia dalam misi untuk memecahkan misteri: Eustace Scrubb, dari The Voyage of the Dawn Treader, dan teman sekelasnya, Jill Pole. Di Inggris, Eustace dan Jill adalah siswa di sekolah asrama yang mengerikan, Experiment House.'),
	('B56', 'The Horse and His Boy', 'C.S. Lewis', 'Gramedia Pustaka Utama', 'Fantasy', 'Novel', '1954', 'narnia3.jpg', 7600, 'Tersedia', 'Novel ini berlatar pada periode yang dicakup oleh bab terakhir The Lion, the Witch, and the Wardrobe pada masa pemerintahan empat anak Pevensie sebagai Raja dan Ratu Narnia. Meskipun tiga dari Pevensie muncul sebagai karakter kecil di The Horse and His Boy, karakter utamanya adalah dua anak dan dua kuda yang bisa berbicara yang melarikan diri dari Calormen dan melakukan perjalanan ke utara ke Narnia. Dalam perjalanan mereka, mereka mengetahui rencana Pangeran Calormen untuk menyerang Archenland, dan memperingatkan Raja Archenland tentang serangan yang akan datang.'),
	('B57', 'The Magician\'s Nephew', 'C.S. Lewis', 'Gramedia Pustaka Utama', 'Fantasy', 'Novel', '1955', 'narnia1.jpg', 7800, 'Tersedia', 'Narnia, tanah tempat para Hewan yang bisa bicara tinggal, tempat sang penyihir menunggu, dan dunia yang baru akan terbentuk. Dalam petualangan untuk menyelamatkan seseorang, dua sahabat dipaksa masuk ke dunia lain, tempat seorang penyihir jahat berniat memperbudak mereka. Tetapi, Aslan Sang Singa menyanyikan lagu yang membuat tanah baru tercipta, tanah yang di kemudian hari dikenal sebagai Narnia. Dan di Narnia, segala hal mungkin terjadi.'),
	('B58', 'The Last Battle', 'C.S. Lewis', 'Gramedia Pustaka Utama', 'Fantasy', 'Novel', '1956', 'narnia7.jpg', 8000, 'Tersedia', 'Novel ini berlatar sekitar 200 tahun Narnia setelah Kursi Perak dan sekitar 2500 tahun (dan 49 tahun Bumi) sejak penciptaan dunia yang diceritakan dalam Keponakan Penyihir. konflik antara Narnia sejati dan palsu menyatu dengan konflik antara Narnia dan Calormen, yang penduduknya memuja Tash. Ini diakhiri dengan penghentian dunia oleh Aslan, setelah "pertempuran terakhir" yang praktis hilang.'),
	('B59', 'Away with the Penguins', 'Hazel Prior', 'Penguin Random House', 'Drama', 'Novel', '2020', 'Away with the Penguins.jpg', 10000, 'Tersedia', 'Veronica McCreedy lives in a mansion by the sea. She loves a nice cup of Darjeeling tea whilst watching a good wildlife documentary. And she\'s never seen without her ruby-red lipstick. Although these days Veronica is rarely seen by anyone because, at 85, her days are spent mostly at home, alone. She can be found either collecting litter from the beach (\'people who litter the countryside should be shot\'), trying to locate her glasses (\'someone must have moved them\') or shouting instructions to her assistant, Eileen (\'Eileen, door!\'). Veronica doesn\'t have family or friends nearby. Not that she knows about, anyway. And she has no idea where she\'s going to leave her considerable wealth when she dies. But today ... today Veronica is going to make a decision that will change all of this.'),
	('B60', 'Call of the Penguins', 'Hazel Prior', 'Penguin Random House', 'Drama', 'Novel', '2022', 'Call of the Penguins.jpg', 10000, 'Tersedia', 'Veronica McCreedy can\'t resist the promise of adventure . . . Nine-year-old Daisy and nearly ninety-year-old Veronica make an unlikely pair of friends. Fiercely independent and impeccably dressed, Veronica has lived an incredible 87 years. Most of them alone, in her huge house by the sea. But with the arrival of brave and resilient Daisy into her life, Veronica finds she has a renewed thirst for adventure - and that they both share a passion for penguins! So when Veronica and Daisy are invited to travel to the other side of the world together and visit the penguins of the southern hemisphere, they both jump at the chance. Veronica had thought her days of new friendships, family and love were over, but perhaps it\'s never too late for one more adventure?'),
	('K01', 'Tokyo Ghoul Volume 1', 'Sui Ishida', 'M&C', 'Fantasy', 'Komik', '2011', 'Tokyo Ghoul 1.jpg', 2000, 'Tersedia', 'Di kota ini, ada sebentuk “keputusasaan” yang menyelusup. Monster yang membaur dalam keramaian, memburu manusia dan memakan dagingnya. Manusia menyebutnya “ghoul”.\r\n\r\nSeorang pemuda tak sengaja bertemu monster. Saat itulah, roda nasib yang aneh mulai berputar!'),
	('K02', 'Tokyo Ghoul Volume 2', 'Sui Ishida', 'M&C', 'Fantasy', 'Komik', '2011', 'Tokyo Ghoul 2.jpg', 2000, 'Tersedia', 'Setelah menerima transplantasi organ “ghoul”, perlahan-lahan Kaneki mulai berubah. Di tengah kebimbangannya, Kaneki memutuskan untuk bekerja paruh waktu di “Anteiku”. Namun pada saat yang bersamaan, muncullah para “penyidik khusus ghoul” yang dikenal dengan sebutan “White Dove”. Musuh bebuyutan itu mengejar “ghoul” dengan gigih dan licik…!!'),
	('K03', 'Tokyo Ghoul Volume 3', 'Sui Ishida', 'M&C', 'Fantasy', 'Komik', '2011', 'Tokyo Ghoul 3.jpg', 2000, 'Tersedia', 'Hinami adalah gadis kecil yang kedua orangtuanya dibunuh oleh musuh bebuyutan para ghoul, “White Dove”. Demi gadis kecil yang malang itu, Kaneki dan Toka menginjakkan kaki di markas “CCG”. Kenyataan yang harus mereka terima adalah sebuah pusaran kesedihan yang telah menunggu…!'),
	('K04', 'Green Blood Volume 1', 'Masasumi Kakizaki', 'Level Comics', 'Action', 'Komik', '2011', 'Green Blood 1.jpg', 2000, 'Tersedia', 'New York City, pertengahan abad 19.\r\nDi sebuah daerah kumuh bernama Five Points, tinggallah kakak beradik yang lahir dan dibesarkan di sana, di mana semua kelompok geng saling berebut daerah kekuasaan.\r\nKriminalitas bebas terjadi di setiap sudut kota. Dan di antara kekelaman itu, muncullah sang Grave Digger yang disegani semua orang.'),
	('K05', 'Green Blood Volume 2', 'Masasumi Kakizaki', 'Level Comics', 'Action', 'Komik', '2011', 'Green Blood 2.jpg', 2000, 'Tersedia', 'Dengan honor 10 dollar per target, Brad hidup sebagai Grave Digger di New York pada pertengahan abad 19. Ia mendapat perintah menjaga Kip, anak kepala geng yang disegani.\r\n\r\nNamun, karena tak bisa menahan amarahnya atas kebrutalan Kip, ia mengabaikan perintah itu dan akan membunuhnya. Saat itulah kota mulai diliputi kepanikan dan ketakutan.'),
	('K06', 'Tokyo Ghoul Volume 4', 'Sui Ishida', 'M&C', 'Fantasy', 'Komik', '2011', 'Tokyo Ghoul 4.jpg', 2000, 'Tersedia', 'Setelah pertempurannya dengan para penyidik ghoul selesai, sekilas Kaneki melihat sisi gelap dunia. Manusia dan ghoul. Di “Anteiku” yang ramai oleh suara-suara dari kedua golongan itu, datanglah ghoul sang “gourmet”, Tsukiyama. Ketika keunikan Kaneki tertangkap oleh mata Tsukiyama yang mendambakan cita rasa yang belum pernah diketahuinya, maka di saat itu, tirai pesta perjamuan makan pun mulai diangkat…!\r\n'),
	('K07', 'Tokyo Ghoul Volume 5', 'Sui Ishida', 'M&C', 'Fantasy', 'Komik', '2011', 'Tokyo Ghoul 5.jpg', 2000, 'Tersedia', 'Tsukiyama, ghoul sang “Gourmet”, sangat gigih dalam pencariannya akan cita rasa baru yang belum diketahui. Perjamuan masih belum selesai.\r\n\r\nKaneki, Nishiki, dan Toka bertempur melawan Tsukiyama yang berhasil mengejar mereka.\r\nDalam pertempuran sengit melawan monster yang digerakkan oleh nafsunya itu, sebuah ide terlintas di benak Kaneki…\r\n\r\nSementara itu, ada pergerakan baru dalam tubuh “CCG”…'),
	('K08', 'Green Blood Volume 3', 'Masasumi Kakizaki', 'Level Comics', 'Action', 'Komik', '2011', 'Green Blood 3.jpg', 2000, 'Tersedia', 'brad burns takkan berhenti sebelum menemukan ayahnya, erward king dan membalas dendam atas kematian ibunya seolah iblis telah mengendalikan kemarahannya ia mulai memperlihatkan wujud aslinya dan menghabisi seluruh anak buah ian butterfly'),
	('K09', 'Green Blood Volume 4', 'Masasumi Kakizaki', 'Level Comics', 'Action', 'Komik', '2011', 'Green Blood 4.jpg', 2000, 'Tersedia', 'Luke, laki-laki yang berhati baik itu akhirnya tampil untuk menghajar musuh. Kematian Anne yang sudah dia sayangi seperti layaknya ibu sendiri telah membuat Luke murka hingga kemudian dia menantang Hawk, penembak cepat yang tak terkalahkan untuk duel 1 lawan 1. Lantas, bagaimanakah akhir dari duel yang bagi Luke tak memiliki harapan untuk menang itu? Dan di belakang kasus ini ada bayang-bayang kelompok geng "Crimson" yang dipimpin oleh King.'),
	('K10', 'Green Blood Volume 5', 'Masasumi Kakizaki', 'Level Comics', 'Action', 'Komik', '2011', 'Green Blood 5.jpg', 2000, 'Tersedia', 'Luke, laki-laki yang berhati baik itu akhirnya tampil untuk menghajar musuh. Kematian Anne yang sudah dia sayangi seperti layaknya ibu sendiri telah membuat Luke murka hingga kemudian dia menantang Hawk, penembak cepat yang tak terkalahkan untuk duel 1 lawan 1. Lantas, bagaimanakah akhir dari duel yang bagi Luke tak memiliki harapan untuk menang itu? Dan di belakang kasus ini ada bayang-bayang kelompok geng "Crimson" yang dipimpin oleh King.'),
	('K11', 'Planetes Volume 1\n', 'Makoto Yukimura', 'M&C', 'Sci-Fi', 'komik', '2001', 'Planetes.jpg', 2000, 'Tersedia', 'Volume pertama memperkenalkan kru DS-12 "Toy Box" dan pekerjaan mereka sebagai pengumpul sampah luar angkasa. Fokus pada karakter Hachimaki dan tantangannya menghadapi kehidupan di luar angkasa.'),
	('K12', 'Planetes Volume 2', 'Makoto Yukimura', 'M&C', 'Sci-Fi', 'Komik', '2002', 'Planetes 2.jpg', 2000, 'Tersedia', 'Volume kedua menggali lebih dalam latar belakang dan motivasi karakter, khususnya Hachimaki dan keinginannya untuk memiliki kapal luar angkasa sendiri. Masalah emosional dan psikologis di luar angkasa mulai muncul.'),
	('K13', 'Planetes Volume 3', 'Makoto Yukimura', 'M&C', 'Sci-Fi', 'Komik', '2003', 'Planetes 3.jpg', 2000, 'Tersedia', 'Volume ketiga menampilkan konflik antara impian dan kenyataan bagi para kru. Hachimaki menghadapi dilema besar yang mempengaruhi masa depannya, dan hubungan antar anggota kru semakin diuji.'),
	('K14', 'Planetes Volume 4', 'Makoto Yukimura', 'M&C', 'Sci-Fi', 'Komik', '2004', 'Planetes 4.jpg', 2000, 'Tersedia', ' Volume keempat memperlihatkan perkembangan karakter yang signifikan dan keputusan-keputusan penting yang harus mereka ambil. Tema-tema seperti cinta, kehilangan, dan pencarian makna hidup di luar angkasa menjadi pusat cerita.'),
	('K15', 'Gundala Putra Petir', 'Harya Suraminata', 'Bumi Langit', 'Action', 'Komik', '1969', 'gundala.jpg', 5000, 'Tersedia', 'Seorang insinyur jenius, Sancaka bertekad untuk menemukan serum anti petir. Pada suatu kejadian yang aneh, Sancaka tersambar petir. Ternyata Sancaka dijadikan putra angkat Kronz, Raja dari Kerajaan Petir. Kronz memberi Sancaka sebuah kalung ajaib yang dapat mengubah dirinya menjadi seorang manusia super, Gundala. Gundala juga dikenal karena intuisinya dalam memecahkan kasus kejahatan yang rumit. Di Jagat Sinema Bumilangit, Sancaka bekerja sebagai penjaga keamanan dan mekanik paruh waktu di sebuah pabrik percetakan. Sejak kecil, ia telah menunjukkan tanda-tanda kecemerlangan dalam mengutak-atik produk listrik, tetapi takut dengan petir dan badai yang seakan selalu mengincarnya. Suatu hari, Sancaka membantu tetangganya, Wulan, melawan beberapa preman yang mengganggunya. Para preman membalas dengan menyerangnya di malam hari saat ia tengah bekerja di pabrik dan berusaha untuk membunuhnya dengan cara melemparkan Sancaka dari atap pabrik. Setelah tubuh Sancaka jatuh ke tanah, sambaran petir menyambar tubuhnya dan menghidupkannya kembali, serta memberinya kekuatan manusia super.'),
	('K16', 'My Pre-Wedding', 'Annisa Nisfihani', 'M&C', 'Romance', 'Komik', '2020', 'My Pre Wedding.jpeg', 4500, 'Tersedia', 'Adelia tiba-tiba dilamar oleh pria yang tidak dikenal dekat! Adelia hanya tau dia seorang sekretaris lurah kantor sebelah, bernama Adimas Purnama, pria lajang, tampan, mapan. Siapa, sih, yang tak ingin menikah denganya? Tapi tunggu dulu, Apa Adelia langsung terima lamarannya? Sayangnya nggak semudah itu!'),
	('K17', 'Si Buta dari Gua Hantu', 'Ganes T.H.', 'Bumi Langit', 'Action', 'Komik', '1967', 'Si buta dari gua hantu.jpg', 6500, 'Tersedia', 'Demi membalas kematian ayah dan tunangannya, Barda Mandrawata terpaksa membutakan kedua matanya untuk dapat mengalahkan Mata Malaikat, penjahat buta yang sakti mandraguna. Barda kemudian dikenal sebagai pendekar perkasa dan legendaris, Si Buta dari Gua Hantu. Di dalam kisahnya, Si Buta adalah seorang petualang, berkelana ke berbagai pelosok nusantara ditemani oleh Wanara, monyetnya yang setia.'),
	('K18', 'Panji Koming', 'Dwi Koendoro', 'Kompas', 'Comedy', 'Komik', '1979', 'Panji Koming.jpg', 3500, 'Tersedia', 'Tokoh Panji Koming adalah seorang pemuda kelas menengah bawah yang memiliki karakter lugu dan agak peragu. Ia memiliki pacar yang bernama Ni Woro Ciblon yang cantik, pendiam dan sabar. Dalam kehidupan sehari-hari, Panji Koming memiliki kawan setia bernama Pailul yang agak konyol namun lebih terbuka dan berani bertindak. Kekasih Pailul adalah Ni Dyah Gembili, perempuan gemuk yang selalu bicara terus terang.'),
	('K19', 'Garudayana', 'Is Yuniarto', 'Koloni', 'Action', 'Komik', '2011', 'Garudayana.jpg', 3700, 'Tersedia', 'Bersetting di dunia pewayangan Arcapada, seorang pemburu bernama Kirana menemukan telur emas Garuda yang legendaris dan konon menyimpan sebuah kekuatan besar. Seketika itu pula, Kirana dan Garu yang menetas dari telur tersebut menjadi incaran berbagai pihak seperti Kurawa dan Ashura yang menginginkan kekuatan Garuda'),
	('K20', 'Si Jampang', 'Ganes T.H.', 'Bumi Langit', 'Fantasy', 'Komik', '1960', 'Si Jampang.jpg', 6000, 'Tersedia', 'Cerita rakyat ini bercerita tentang seorang Jawara yang berasal dari Jampang Sukabumi. Dia dibesarkan pamannya yang tinggal di daerah Grogol Depok. Dia rajin belajar silat dan ilmu kebatinan dari gurunya yang berasal dari Cianjur. Si Jampang digambarkan sebagai anak yang rajin dan cerdas. Setelah dewasa dia menjadi orang yang melakukan perampokan terhadap orang-orang kaya dan sebagian hasilnya dibagikan kepada rakyat yang lemah dan miskin. Si Jampang dianggap sebagai orang yang sangat penolong. Ketika istrinya meninggal maka dia ingin menikahi Mayangsari, istri sahabatnya yang sudah meninggal akan tetapi niatnya itu ditolak oleh Mayangsari. Si Jampang menggunakan cara yang tidak baik untuk menaklukkan Mayangsari sehingga Mayangsari tergila-gila padanya. Ketika Si Jampang menyanggupi persyaratan untuk menikahi Mayangsari, dia melakukan perampokan di rumah Haji Saud di Bekasi. Akan tetapi ketika perampokan itu berhasil dilakukannya, dia dikepung polisi Belanda yang bersenjata lengkap. Si Jampang menyerah dan kemudian dijatuhi hukuman mati.'),
	('K21', 'Si Juki', 'Faza Meonk', 'Elex Media Komputindo', 'Comedy', 'Komik', '2012', 'Si Juki.jpeg', 6000, 'Tersedia', '"Si Juki: Lika-Liku Anak Kos" mengisahkan keseharian Juki yang nama aslinya adalah Muhammad Marzuki sebagai representasi mahasiswa yang hidup sebagai anak kos yang kreatif dan kocak. Dibarengi juga dengan berbagai macam kesulitan yang biasa dialami oleh anak kos seperti kehabisan uang bulanan, tugas yang menumpuk dan ibu kos yang menagih uang sewa. Sampai hal-hal receh lainnya khas anak kos yang siap mengocok perut pembaca dengan komedi dan humor yang disajikan, seperti tips-tips memasak hemat ala anak kos dan mungkin juga tata cara merawat kecoa yang baik dan benar.'),
	('K22', 'Jigokuraku Vol. 2', 'Yuji Kaku', 'Viz', 'Dark Fantasy', 'Komik', '2018', 'jigokuraku_vol_2.jpg', 2700, 'Tersedia', 'Gabimaru is a ninja on death row with one chance to see his wife again—by finding the elixir of immortality on a supernatural island and delivering it to the shogun. Standing in his way are his fellow convicts and the fearsome beasts that roam the island, devouring or killing anyone they encounter. As Gabimaru and his executioner explore the island, they come under attack from creatures that resemble gods but behave like devils. Is this the holy land or hell itself?'),
	('K23', 'Jigokuraku Vol. 3', 'Yuji Kaku', 'Viz', 'Dark Fantasy', 'Komik', '2019', 'jigokuraku_vol_3.jpg', 2800, 'Tersedia', 'Gabimaru is a ninja on death row with one chance to see his wife again—by finding the elixir of immortality on a supernatural island and delivering it to the shogun. Standing in his way are his fellow convicts and the fearsome beasts that roam the island, devouring or killing anyone they encounter. In addition, Gabimaru must contend with sinister beings who have lived on the island for several lifetimes, tinkering and experimenting on humans and the local fauna to further the goals of their dark sciences. Who are these otherworldly individuals that rule this beautiful and deadly place? And how can Gabimaru possibly stand against them?'),
	('K24', 'Jigokuraku Vol. 4', 'Yuji Kaku', 'Viz', 'Dark Fantasy', 'Komik', '2019', 'jigokuraku_vol_4.jpg', 3000, 'Tersedia', 'The beings collectively known as Lord Tensen are beyond comprehension. These rulers of the mysterious island are deathless, ferocious and nearly invincible. Can Gabimaru the Hollow and his Yamada Asaemon executioner Sagiri survive long enough to reach their goal, despite being forced to contend with immortal monsters?'),
	('K25', 'Jigokuraku Vol. 5', 'Yuji Kaku', 'Viz', 'Dark Fantasy', 'Komik', '2020', 'jigokuraku_vol_5.jpg', 3200, 'Tersedia', 'Gabimaru and his companions are confronted with the mysteries of tao, the supernatural phenomenon that turns the beings known as Lord Tensen into fearsome enemies. And when Gabimaru begins acting strangely, is there any hope for his companions, or will they face certain death at his hands?'),
	('K26', 'Jigokuraku Vol. 6', 'Yuji Kaku', 'Viz', 'Dark Fantasy', 'Komik', '2020', 'jigokuraku_vol_6.jpg', 3400, 'Tersedia', 'The two fiercest warriors—Gabimaru the Hollow and Aza Chobe the Bandit King—finally cross paths and come to blows. These two men are evenly matched and utterly lethal…which means that their duel will be one for the ages!'),
	('K27', 'Jigokuraku Vol. 7', 'Yuji Kaku', 'Viz', 'Dark Fantasy', 'Komik', '2021', 'jigokuraku_vol_7.jpg', 3600, 'Tersedia', 'The Yamada Asaemon executioners and their criminal charges have forged an uneasy alliance, banding together to find a way off the island. Lurking in the shadows are the supernatural forces of Lord Tensen and a new enemy—another wave of samurai and ninja sent to the island by the shogun with orders to leave no one alive!'),
	('K28', 'Jigokuraku Vol. 8', 'Yuji Kaku', 'Viz', 'Dark Fantasy', 'Komik', '2021', 'jigokuraku_vol_8.jpg', 3800, 'Tersedia', 'The survivors stage a desperate raid on Horai, the center of Lord Tensen’s operations, even as the new landing party closes in. Battling these supernatural beings is a life-and-death proposition, requiring total focus and extreme skill. A moment’s distraction could be fatal. Will Gabimaru and Sagiri overcome the odds and survive this gauntlet?'),
	('K29', 'Jigokuraku Vol. 9', 'Yuji Kaku', 'Viz', 'Dark Fantasy', 'Komik', '2022', 'jigokuraku_vol_9.jpg', 4000, 'Tersedia', 'The battle against Lord Tensen has forced everyone to push their bodies to the limit, accessing new abilities and taking desperate measures to secure their escape. But against such formidable foes, sometimes your best…is simply not enough. The bandit Aza Chobe and Gabimaru the Hollow have the highest chances of beating the enemy, but they may pay a dear price for their victory!'),
	('K30', 'Jigokuraku Vol. 10', 'Yuji Kaku', 'Viz', 'Dark Fantasy', 'Komik', '2022', 'jigokuraku_vol_10.jpg', 4200, 'Tersedia', 'Finally, Gabimaru’s secret origin is revealed! Plus, a group of samurai and ninja who just arrived on the island have exactly one mission—to leave no one alive. Any who would stand in opposition to the Yamada Asaemon, and therefore the shogun, must die. Any who do not fear the power of the ninja village Iwagakure must die. Gabimaru, Sagiri and the others have overcome a great deal, but this will be a struggle like they’ve never experienced before.'),
	('K31', 'Jigokuraku Vol. 11', 'Yuji Kaku', 'Viz', 'Dark Fantasy', 'Komik', '2023', 'jigokuraku_vol_11.jpg', 4400, 'Tersedia', 'The palace has transformed into a bloody battleground, forcing the new Yamada Asaemon arrivals into an uneasy alliance with those seeking to escape the island. A giant monster has entered the fray, one so large that everyone is trapped within the confines of its body. If they don’t escape by morning, they’ll be transformed into flowers and used to fuel the destruction of everything they know!'),
	('K32', 'Jigokuraku Vol. 12', 'Yuji Kaku', 'Viz', 'Dark Fantasy', 'Komik', '2023', 'jigokuraku_vol_12.jpg', 4600, 'Tersedia', 'As the powerful ninja Shija flips between wanting to kill and wanting to be Gabimaru, the rest of the survivors fight for their lives! Safety is within reach, and all they need to do is overcome one final obstacle and secure their escape. But when the true purpose of the experiments performed on the island is revealed, everything descends into utter chaos.'),
	('K33', 'Jigokuraku Vol. 13', 'Yuji Kaku', 'Viz', 'Dark Fantasy', 'Komik', '2023', 'jigokuraku_vol_13.jpg', 4800, 'Tersedia', 'Rien’s master plan spells disaster for not only everyone on the island, but everyone on the mainland as well! A mission that began with a search for immortality may end with widespread death and destruction unless the survivors on the island can somehow vanquish what remains of Lord Tensen. Gabimaru will do anything to return to his wife in the conclusion of Hell’s Paradise: Jigokuraku!'),
	('K34', 'Koe no Katachi', 'Yoshitoki Ooima', 'Bessatsu Shounen Magazine', 'Romance', 'Komik', '2011', 'Koe no Katachi.jpg', 5000, 'Tersedia', 'Elementary school student Shouya Ishida is creeped out when Shouko Nishimiya, a meek girl born with impaired hearing, transfers into his class. Following her arrival, Shouya and his friends begin to torment Shouko, making her the hapless target of ridicule and assault. The constant bullying turns school into a living hell for Shouko, where even the teachers remain indifferent to the situation. Koe no Katachi tells the heartbreaking story of Shouko falling victim to bullying, but also one of hope, remorse, and redemption.'),
	('K35', 'Monsters', 'Eiichiro Oda', 'Shonen Jump', 'Action', 'Komik', '1994', 'Monsters.jpg', 4700, 'Tersedia', 'Shimotsuki Ryuma was a legendary, world-famous samurai hailing from the Shimotsuki Family of Wano Country, who lived during Wano\'s "Country of Gold" era centuries ago. He was revered for his mastery of swordsmanship that earned him the title Sword God, as well as his feat of slaying a dragon.'),
	('K36', 'Jigokuraku Vol. 1', 'Yuji Kaku', 'Viz', 'Dark Fantasy', 'Komik', '2018', 'jigokuraku_vol_1.jpg', 2500, 'Tersedia', 'Gabimaru the Hollow is one of the most vicious assassins ever to come out of the ninja village of Iwagakure. He’s ruthlessly efficient, but a betrayal results in him being handed a death sentence. He has only one hope—in order to earn his freedom, he must travel to a long-hidden island and recover an elixir that will make the shogun immortal. Failure is not an option. On this island, heaven and hell are just a hair’s breadth away.'),
	('K37', 'Act-Age Volume 1', 'Tatsuya Matsuki', 'Viz', 'Drama', 'Komik', '2018', 'act_age_vol_1.jpg', 2800, 'Tersedia', 'Kei Yonagi must delve deep into her psyche to succeed in the cutthroat world of acting, but can she keep her sanity while doing so? Is there a method to Kei Yonagi’s madness when it comes to acting? The young actor has a family of siblings to feed, but she finds herself struggling with her psychological demons when playing a role. Her desperate acting catches the eye of a famous director, Sumiji Kuroyama, who’s looking for raw talent to mold. Can he help Yonagi navigate the cutthroat world of acting without losing her sanity?'),
	('K38', 'Act-Age Volume 2', 'Tatsuya Matsuki', 'Viz', 'Drama', 'Komik', '2018', 'act_age_vol_2.jpg', 2900, 'Tersedia', 'In order to meet the famous actor Chiyoko Momoshiro, Kei Yonagi tries out for the Death Island movie. For her audition, Yonagi must improvise being stranded on an island while struggling against other desperate survivors. As the pressure mounts, Yonagi utters a line that startles everyone and could very well hurt her chances of landing the role!'),
	('K39', 'Act-Age Volume 3', 'Tatsuya Matsuki', 'Viz', 'Drama', 'Komik', '2019', 'act_age_vol_3.jpg', 3000, 'Tersedia', 'Yonagi finally begins filming Death Island with the famous actor Chiyoko! In her role, Yonagi can\'t quite understand the friendship between her character and Chiyoko\'s, so she tries to draw on her own experiences with friends to help her out. But there\'s one problem—she realizes that she doesn\'t really have friends. To get past this obstacle, Yonagi decides to do something she\'s never done before…befriend Chiyoko!'),
	('K40', 'Act-Age Volume 4', 'Tatsuya Matsuki', 'Viz', 'Drama', 'Komik', '2019', 'act_age_vol_4.jpg', 3100, 'Tersedia', 'Kei Yonagi\'s education in acting continues, and she is now cast in lead role opposite a rising luminary of theatrical world- Araya Myojin! But theater acting requires a completely different skill set that Kei finds extremely hard to grasp. She better learn quickly, though - opening night is drawing near and she\'s yet to gain the acceptance of the theater troupe or its world-reowned director Yujiro Iwao.'),
	('K41', 'Act-Age Volume 5', 'Tatsuya Matsuki', 'Viz', 'Drama', 'Komik', '2020', 'act_age_vol_5.jpg', 3200, 'Tersedia', 'After learning that Yujiro Iwao has little time left to live, Yonagi is unable to get into his role. Kuroyama, aware of this problem, talks to her and gives her some advice that helps her understand the purpose that Iwao entrusted to her. Now he knows what to do for the good of his colleagues in the theater company. However, Iwao\'s condition will take a sudden turn a few hours before the play\'s premiere...'),
	('K42', 'Act-Age Volume 6', 'Tatsuya Matsuki', 'Viz', 'Drama', 'Komik', '2020', 'act_age_vol_6.jpg', 3300, 'Tersedia', 'Akira is overwhelmed by the pressure that comes with being on stage and is about to finish his turn without being able to perform as well as he would like, but Yonagi\'s outlandish ad-libs leave him at a loss for words. Searching for the ``correct answer\'\' in a situation where there are no set lines, a confused Chuya Nagi asks Akira\'s heart through the role of Campanella.'),
	('K43', 'Act-Age Volume 7', 'Tatsuya Matsuki', 'Viz', 'Drama', 'Komik', '2021', 'act_age_vol_7.jpg', 3400, 'Tersedia', 'A few days after the first performance, Yonagi, who was attending Iwao\'s funeral, is approached by Shinichi Amachi, a man who claims to be an entertainment producer. With a fearless smile on his face, he says he has brought a good story and hands Yonagi an article that will be published in a weekly magazine that will be released the following week.'),
	('K44', 'Act-Age Volume 8', 'Tatsuya Matsuki', 'Viz', 'Drama', 'Komik', '2021', 'act_age_vol_8.jpg', 3500, 'Tersedia', 'Yonagi\'s popularity spreads worldwide after she appears in a music video shot by Kuroyama set at Shinjuku Station! Meanwhile, due to Tenchi\'s secret maneuvers, Chiyoko and Akira are forced to reveal their long-suppressed emotions. Yoshiya. With them involved, Tenchi plans a new stage.'),
	('K45', 'Act-Age Volume 9', 'Tatsuya Matsuki', 'Viz', 'Drama', 'Komik', '2022', 'act_age_vol_9.jpg', 3600, 'Tersedia', 'Yonagi\'s encounter with Hanako Yamanoue, the director of the play "Rasetsu Onna," awakens her interest in acting that expands her imagination. Yonagi feels as if she has become a god, and based on Yamanoue\'s teachings that the world of her imagination is absolute in the play, she immerses herself in the world of ``Rasetsu Onna.\'\' . Yonagi, who has acquired a new ability to express herself, rushes to persuade Ogami, who is about to quit!'),
	('K46', 'Act-Age Volume 10', 'Tatsuya Matsuki', 'Viz', 'Drama', 'Komik', '2022', 'act_age_vol_10.jpg', 3700, 'Tersedia', 'There are only a few days left until the performance of "Rakshasa". Rehearsals are in full swing, and the performers are thinking about the impending performance, each with their own aspirations in mind. Meanwhile, Yamanoue, the director of Side Ko, has prepared a certain mechanism for Yonagi to truly demonstrate her power in playing the role of a Rasetsu woman.'),
	('K47', 'Act-Age Volume 11', 'Tatsuya Matsuki', 'Viz', 'Drama', 'Komik', '2023', 'act_age_vol_11.jpg', 3800, 'Tersedia', 'The first act of the side play ``Rasetsu Onna\'\' ends with Ogami\'s quick wit in the supporting role, successfully turning Yonagi\'s angry Rasetsu Onna into an object of sympathy for the audience. However, Yonagi\'s anger does not subside, and even though she is about to be consumed by intense hatred, she stops at the very last moment. While the limit could be reached at any time, the stage is set for the second act.'),
	('K48', 'Act-Age Volume 12', 'Tatsuya Matsuki', 'Viz', 'Drama', 'Komik', '2023', 'act_age_vol_12.jpg', 3900, 'Tersedia', 'The first day of Side Ko\'s stage play ``Rakshasa\'\' ended with a turbulent final scene. After witnessing Yonagi\'s brilliant and overwhelming performance, Chiyoko loses confidence as she realizes that she cannot compete with Yonagi\'s imaginary acting. While Side Otsu\'s performance is scheduled for the next day, Kuroyama takes her out to the place for practice.'),
	('K49', 'Jujutsu Kaisen 0', 'Gege Akutami', 'Viz', 'Supernatural', 'Komik', '2021', 'Jujutsu Kaisen 0.jpg', 6500, 'Tidak Tersedia', 'Yuta Okkotsu is a nervous high school student who is suffering from a serious problem—his childhood friend Rika has turned into a Curse and won\'t leave him alone. Since Rika is no ordinary Curse, his plight is noticed by Satoru Gojo, a teacher at Jujutsu High, a school where fledgling exorcists learn how to combat Curses. Gojo convinces Yuta to enroll, but can he learn enough in time to confront the Curse that haunts him?'),
	('K50', 'Jujutsu Kaisen Vol 1', 'Gege Akutami', 'Viz', 'Supernatural', 'Komik', '2019', 'JJK_vol1.jpg', 5500, 'Tidak Tersedia', 'Although Yuji Itadori looks like your average teenager, his immense physical strength is something to behold! Every sports club wants him to join, but Itadori would rather hang out with the school outcasts in the Occult Research Club. One day, the club manages to get their hands on a sealed cursed object. Little do they know the terror they’ll unleash when they break the seal…');

-- Dumping structure for table pitimoss.denda
CREATE TABLE IF NOT EXISTS `denda` (
  `ID_Denda` int(11) NOT NULL AUTO_INCREMENT,
  `ID_Buku` varchar(10) CHARACTER SET utf8mb4 COLLATE utf8mb4_general_ci NOT NULL,
  `harga_denda` decimal(10,0) NOT NULL,
  PRIMARY KEY (`ID_Denda`),
  KEY `ID_Buku` (`ID_Buku`)
) ENGINE=InnoDB AUTO_INCREMENT=111 DEFAULT CHARSET=latin1 COLLATE=latin1_swedish_ci;

-- Dumping data for table pitimoss.denda: ~110 rows (approximately)
INSERT INTO `denda` (`ID_Denda`, `ID_Buku`, `harga_denda`) VALUES
	(1, 'B01', 1000),
	(2, 'B02', 1100),
	(3, 'B03', 1200),
	(4, 'B04', 1300),
	(5, 'B05', 1400),
	(6, 'B06', 1500),
	(7, 'B07', 1600),
	(8, 'B08', 1700),
	(9, 'B09', 1800),
	(10, 'B10', 1900),
	(11, 'B11', 2000),
	(12, 'B12', 2100),
	(13, 'B13', 2200),
	(14, 'B14', 2300),
	(15, 'B15', 2400),
	(16, 'B16', 2500),
	(17, 'B17', 1000),
	(18, 'B18', 1100),
	(19, 'B19', 1200),
	(20, 'B20', 1300),
	(21, 'B21', 1400),
	(22, 'B22', 1500),
	(23, 'B23', 1600),
	(24, 'B24', 1700),
	(25, 'B25', 1800),
	(26, 'B26', 1900),
	(27, 'B27', 2000),
	(28, 'B28', 2100),
	(29, 'B29', 2200),
	(30, 'B30', 2300),
	(31, 'B31', 2400),
	(32, 'B32', 2500),
	(33, 'B33', 1000),
	(34, 'B34', 1100),
	(35, 'B35', 1200),
	(36, 'B36', 1300),
	(37, 'B37', 1400),
	(38, 'B38', 1500),
	(39, 'B39', 1600),
	(40, 'B40', 1700),
	(41, 'B41', 1800),
	(42, 'B42', 1900),
	(43, 'B43', 2000),
	(44, 'B44', 2100),
	(45, 'B45', 2200),
	(46, 'B46', 2300),
	(47, 'B47', 2400),
	(48, 'B48', 2500),
	(49, 'B49', 1000),
	(50, 'B50', 1100),
	(51, 'B51', 1200),
	(52, 'B52', 1300),
	(53, 'B53', 1400),
	(54, 'B54', 1500),
	(55, 'B55', 1600),
	(56, 'B56', 1700),
	(57, 'B57', 1800),
	(58, 'B58', 1900),
	(59, 'B59', 2000),
	(60, 'B60', 2100),
	(61, 'K01', 2200),
	(62, 'K02', 2300),
	(63, 'K03', 2400),
	(64, 'K04', 2500),
	(65, 'K05', 1000),
	(66, 'K06', 1100),
	(67, 'K07', 1200),
	(68, 'K08', 1300),
	(69, 'K09', 1400),
	(70, 'K10', 1500),
	(71, 'K11', 1600),
	(72, 'K12', 1700),
	(73, 'K13', 1800),
	(74, 'K14', 1900),
	(75, 'K15', 2000),
	(76, 'K16', 2100),
	(77, 'K17', 2200),
	(78, 'K18', 2300),
	(79, 'K19', 2400),
	(80, 'K20', 2500),
	(81, 'K21', 1000),
	(82, 'K22', 1100),
	(83, 'K23', 1200),
	(84, 'K24', 1300),
	(85, 'K25', 1400),
	(86, 'K26', 1500),
	(87, 'K27', 1600),
	(88, 'K28', 1700),
	(89, 'K29', 1800),
	(90, 'K30', 1900),
	(91, 'K31', 2000),
	(92, 'K32', 2100),
	(93, 'K33', 2200),
	(94, 'K34', 2300),
	(95, 'K35', 2400),
	(96, 'K36', 2500),
	(97, 'K37', 1000),
	(98, 'K38', 1100),
	(99, 'K39', 1200),
	(100, 'K40', 1300),
	(101, 'K41', 1400),
	(102, 'K42', 1500),
	(103, 'K43', 1600),
	(104, 'K44', 1700),
	(105, 'K45', 1800),
	(106, 'K46', 1900),
	(107, 'K47', 2000),
	(108, 'K48', 2100),
	(109, 'K49', 2200),
	(110, 'K50', 2300);

-- Dumping structure for table pitimoss.member
CREATE TABLE IF NOT EXISTS `member` (
  `ID_Member` int(11) NOT NULL AUTO_INCREMENT,
  `Nama_member` varchar(255) DEFAULT NULL,
  `Alamat` text DEFAULT NULL,
  `Email` varchar(255) DEFAULT NULL,
  `Nomor_Telepon` varchar(15) DEFAULT NULL,
  `Password_Member` varchar(255) DEFAULT NULL,
  `Poto_Member` varchar(255) DEFAULT NULL,
  PRIMARY KEY (`ID_Member`)
) ENGINE=InnoDB AUTO_INCREMENT=4 DEFAULT CHARSET=latin1 COLLATE=latin1_swedish_ci;

-- Dumping data for table pitimoss.member: ~3 rows (approximately)
INSERT INTO `member` (`ID_Member`, `Nama_member`, `Alamat`, `Email`, `Nomor_Telepon`, `Password_Member`, `Poto_Member`) VALUES
	(1, 'Andre Al Fatih', 'Jl. Banda No 23', 'andrealfath@gmail.com', '081234567890', 'memberpass789', 'Andre Alfatih.jpg'),
	(2, 'Syakira Ananda', 'Jl. Aceh No 4', 'syakiraananda@gmail.com', '087654321098', 'memberpass987', 'Syakira Ananda.jpg'),
	(3, 'Ahmad Bill', 'Jl. Riau No. 79', 'ahmadbill@gmail.com', '081112233445', 'billmember123', 'Ahmad Bill.jpg');

-- Dumping structure for table pitimoss.sewa
CREATE TABLE IF NOT EXISTS `sewa` (
  `ID_Sewa` int(11) NOT NULL AUTO_INCREMENT,
  `ID_Transaksi` int(11) NOT NULL DEFAULT 0,
  `ID_Member` int(11) DEFAULT NULL,
  `ID_Buku` varchar(10) DEFAULT NULL,
  `Tanggal_Pinjam` date DEFAULT NULL,
  `Tanggal_Kembali` date DEFAULT NULL,
  PRIMARY KEY (`ID_Sewa`),
  KEY `ID_Member` (`ID_Member`),
  KEY `FK_sewa_transaksi` (`ID_Transaksi`)
) ENGINE=InnoDB AUTO_INCREMENT=5 DEFAULT CHARSET=latin1 COLLATE=latin1_swedish_ci;

-- Dumping data for table pitimoss.sewa: ~0 rows (approximately)
INSERT INTO `sewa` (`ID_Sewa`, `ID_Transaksi`, `ID_Member`, `ID_Buku`, `Tanggal_Pinjam`, `Tanggal_Kembali`) VALUES
	(1, 1, 1, 'K50', '2024-05-28', '2024-05-30'),
	(2, 1, 1, 'K49', '2024-05-28', '2024-05-30'),
	(3, 2, 2, 'B52', '2024-05-28', '2024-05-31'),
	(4, 2, 2, 'B53', '2024-05-28', '2024-05-31');

-- Dumping structure for table pitimoss.transaksi
CREATE TABLE IF NOT EXISTS `transaksi` (
  `ID_transaksi` int(11) NOT NULL AUTO_INCREMENT,
  `ID_Member` int(11) DEFAULT NULL,
  `Total_harga` decimal(10,2) DEFAULT NULL,
  `Tanggal_transaksi` date DEFAULT NULL,
  `Status_Pembayaran` varchar(50) DEFAULT NULL,
  `Kode_Pengambilan` varchar(10) DEFAULT NULL,
  PRIMARY KEY (`ID_transaksi`),
  KEY `ID_Member` (`ID_Member`)
) ENGINE=InnoDB AUTO_INCREMENT=3 DEFAULT CHARSET=latin1 COLLATE=latin1_swedish_ci;

-- Dumping data for table pitimoss.transaksi: ~2 rows (approximately)
INSERT INTO `transaksi` (`ID_transaksi`, `ID_Member`, `Total_harga`, `Tanggal_transaksi`, `Status_Pembayaran`, `Kode_Pengambilan`) VALUES
	(1, 1, 24000.00, '2024-05-28', 'LUNAS', '26U09691AE'),
	(2, 2, 41400.00, '2024-05-28', 'LUNAS', '1VK45988CK');

/*!40103 SET TIME_ZONE=IFNULL(@OLD_TIME_ZONE, 'system') */;
/*!40101 SET SQL_MODE=IFNULL(@OLD_SQL_MODE, '') */;
/*!40014 SET FOREIGN_KEY_CHECKS=IFNULL(@OLD_FOREIGN_KEY_CHECKS, 1) */;
/*!40101 SET CHARACTER_SET_CLIENT=@OLD_CHARACTER_SET_CLIENT */;
/*!40111 SET SQL_NOTES=IFNULL(@OLD_SQL_NOTES, 1) */;
